,K_sa,K_sb,k_ba,k_ab,K_ba,K_ab,k_sa,k_sb,Ancho,Alto Off,Alto On,S_on,S_off
0.0133679428826,0.0954479123199,0.507014979182,0.911030396622,5.57454547541,0.0954479123199,0.0954479123199,1.29437308244,4.2223361455,0.028028028028,0.457789267901,0.393094898378,0.550550550551,0.522522522523
0.0141346856234,0.0927765099708,0.272426055496,0.860748080236,0.57833263428,0.0927765099708,0.0927765099708,2.91485875267,2.54719878059,0.022022022022,0.570945237994,0.577919878166,0.162162162162,0.14014014014
0.0431628329483,0.0905768507187,0.214491334974,0.820416588612,69.3249442721,0.0905768507187,0.0905768507187,0.307644093373,65.0836268756,0.0790790790791,0.410966117429,0.511599131341,0.940940940941,0.861861861862
0.0263019400453,0.0756167191295,0.0696363278691,0.57178882119,0.145516910504,0.0756167191295,0.0756167191295,1.47453484165,0.707530726227,0.037037037037,0.570697990478,0.659605266071,0.154154154154,0.117117117117
0.0970582959874,0.0121729835889,0.2210368989,0.0148181529455,0.318596578349,0.0121729835889,0.0121729835889,0.0866952000841,0.946928570023,0.105105105105,0.772970627849,0.482040940393,0.169169169169,0.0640640640641
0.000818321234727,0.100910956733,0.0969343359075,1.01830211888,1.83302392908,0.100910956733,0.100910956733,0.598789613783,5.17080908724,0.002002002002,0.179776442581,0.250523060734,0.299299299299,0.297297297297
0.00204619360302,0.013308451292,0.730203891187,0.0177114875793,50.7076641861,0.013308451292,0.013308451292,8.9913323297,28.8071885085,0.001001001001,0.553894899279,0.779545218642,0.003003003003,0.002002002002
0.0961947334808,0.051477940454,0.323423499572,0.264997835339,0.870174239816,0.051477940454,0.051477940454,0.153718563983,1.54549066272,0.13013013013,0.62041998338,0.410219669401,0.654654654655,0.524524524525
0.00181254276936,0.0193224003994,0.433427032988,0.0373355157193,0.221263513059,0.0193224003994,0.0193224003994,5.38854052226,91.7968705969,0.001001001001,0.889205611763,0.941088422019,0.003003003003,0.002002002002
0.0512923662478,0.0431381163588,0.312069867758,0.186089708298,6.00473219466,0.0431381163588,0.0431381163588,0.785825173417,14.4763004249,0.0640640640641,0.788310647407,0.571086458055,0.202202202202,0.138138138138
0.0128378929279,0.054110343577,0.322192282762,0.292792928203,2.43584455289,0.054110343577,0.054110343577,3.00334247573,11.415621756,0.017017017017,0.752206223248,0.561514376636,0.0830830830831,0.0660660660661
0.0580372900847,0.0708424969021,0.0224950138221,0.501865936733,0.0689936911462,0.0708424969021,0.0708424969021,0.905892875201,0.204569080847,0.0780780780781,0.547143322473,0.585911374429,0.238238238238,0.16016016016
0.00335976591883,0.0667571856902,0.827208873875,0.445652184127,0.541659969492,0.0667571856902,0.0667571856902,12.0953422237,13.8330771856,0.004004004004,0.690766042643,0.632907100124,0.028028028028,0.024024024024
0.00214886271058,0.0501269015348,0.800737469504,0.251270625748,0.107082814913,0.0501269015348,0.0501269015348,23.0338273509,7.4441725341,0.002002002002,0.748712887898,0.672157057538,0.00900900900901,0.00700700700701
0.070003276591,0.0127988968691,0.231001642433,0.0163811761065,0.544734038053,0.0127988968691,0.0127988968691,0.130980125138,4.57917159422,0.0730730730731,0.45515904443,0.661248500523,0.109109109109,0.036036036036
0.00343045425852,0.0800471160682,0.011625247288,0.640754079084,0.172168665963,0.0800471160682,0.0800471160682,9.68077907411,6.0588351909,0.004004004004,0.656116417678,0.704988542844,0.02002002002,0.016016016016
0.0368969029212,0.049268898529,0.713792270827,0.242742436226,0.138780234516,0.049268898529,0.049268898529,0.985129979846,1.01993730337,0.046046046046,0.704906088652,0.662346052743,0.16016016016,0.114114114114
0.0699016943439,0.0356759772332,0.173428739672,0.127277535154,3.73386356444,0.0356759772332,0.0356759772332,0.358296504139,2.7996262574,0.0890890890891,0.819772705976,0.468242859013,0.329329329329,0.24024024024
0.109139204221,0.0242082187227,0.0570479828541,0.0586037853728,3.78621606129,0.0242082187227,0.0242082187227,0.227319901855,13.9259301599,0.119119119119,0.831847715281,0.42988781554,0.198198198198,0.0790790790791
0.0176577497002,0.0586981946901,0.9733906715,0.344547805988,1.25680102934,0.0586981946901,0.0586981946901,0.456824327996,0.57359052721,0.035035035035,0.509017749204,0.243634518339,0.683683683684,0.648648648649
0.181067039005,0.027274853074,0.426374517041,0.0743917610208,0.349473166014,0.027274853074,0.027274853074,0.118621190204,0.896000924454,0.203203203203,0.77895347898,0.707194319952,0.433433433433,0.23023023023
0.00240764170452,0.0189402830811,0.916700659468,0.0358734323192,0.0122014014569,0.0189402830811,0.0189402830811,10.21706182,1.49252989041,0.001001001001,0.534708279062,0.670236073824,0.003003003003,0.002002002002
0.00152483588042,0.0461659616872,0.0436184040752,0.213129601851,0.303968962525,0.0461659616872,0.0461659616872,34.4873092798,13.3377798281,0.001001001001,0.804262199838,0.771058228514,0.00500500500501,0.004004004004
0.00314036361603,0.0635972932474,0.608215734942,0.40446157084,0.156621307616,0.0635972932474,0.0635972932474,8.75582599102,1.56932768345,0.004004004004,0.664225114036,0.504809901908,0.039039039039,0.035035035035
0.00150634442579,0.0705967229137,0.154126501045,0.498389728616,1.85480147542,0.0705967229137,0.0705967229137,8.72715441591,7.02830896827,0.002002002002,0.555944542323,0.445096409361,0.0500500500501,0.048048048048
0.00177928536921,0.0172057390165,0.478864057923,0.0296037455103,0.0212657458962,0.0172057390165,0.0172057390165,12.8425904548,3.61311422733,0.001001001001,0.905574370715,0.869677399975,0.002002002002,0.001001001001
0.167689205138,0.0524047685928,0.154013776606,0.274625977127,0.189758949569,0.0524047685928,0.0524047685928,0.268151112518,0.252115245075,0.209209209209,0.689989958226,0.71923024224,0.594594594595,0.385385385385
0.0065292172148,0.0342893671085,0.321369397748,0.11757606967,0.288178797083,0.0342893671085,0.0342893671085,2.17449080988,16.0215149449,0.00700700700701,0.696587840247,0.823310012683,0.022022022022,0.015015015015
0.0048187377306,0.0746057162481,0.262231762145,0.556601289688,1.41882412109,0.0746057162481,0.0746057162481,11.4958048051,22.6973624303,0.00600600600601,0.697311501431,0.647886903818,0.034034034034,0.028028028028
0.00260915555648,0.0497030259542,0.564819509037,0.2470390789,0.0343811756179,0.0497030259542,0.0497030259542,16.8186725142,3.92764213275,0.002002002002,0.611582281843,0.755410154317,0.00900900900901,0.00700700700701
0.0363589697334,0.0648849657151,0.387160409974,0.421005877585,24.999297275,0.0648849657151,0.0648849657151,1.39552518317,66.7471096045,0.0500500500501,0.687212570412,0.61056625852,0.226226226226,0.176176176176
0.00691564099526,0.0857206965596,0.118001699049,0.734803781867,5.54733067872,0.0857206965596,0.0857206965596,4.06140798071,62.7602792239,0.01001001001,0.575669831713,0.628796588589,0.0680680680681,0.0580580580581
0.0176279652916,0.0176116737508,0.0816139345859,0.0310171052304,1.67482372484,0.0176116737508,0.0176116737508,0.88587452666,48.0566442643,0.018018018018,0.846464487079,0.83946893111,0.028028028028,0.01001001001
0.130860479553,0.0543940837871,0.708201702221,0.295871635104,49.4216893499,0.0543940837871,0.0543940837871,0.321138642654,70.8064531196,0.171171171171,0.686875517639,0.647538969373,0.662662662663,0.491491491491
0.0216523791977,0.059889759185,0.15815743625,0.358678325524,0.133652184379,0.059889759185,0.059889759185,1.13402680336,0.991975870992,0.029029029029,0.589502819815,0.689319599493,0.123123123123,0.0940940940941
0.174111473906,0.0258222532916,0.726022383882,0.0666788765054,0.751503585894,0.0258222532916,0.0258222532916,0.121812892192,1.09579894087,0.201201201201,0.834393246962,0.57978227106,0.493493493493,0.292292292292
0.0173514675766,0.0414071629077,0.943096455827,0.171455314006,0.817960109191,0.0414071629077,0.0414071629077,1.89693650643,8.6702082665,0.021021021021,0.793938746286,0.646425029661,0.0760760760761,0.0550550550551
0.0924300820496,0.0226018845698,0.487125550259,0.0510845186104,9.08715215079,0.0226018845698,0.0226018845698,0.1957073023,51.1884426072,0.101101101101,0.830881128623,0.664372932162,0.198198198198,0.0970970970971
0.00201553046509,0.0719897149254,0.394093328778,0.518251905505,0.14266391319,0.0719897149254,0.0719897149254,25.452531167,5.15524261962,0.002002002002,0.718841785084,0.646522991203,0.015015015015,0.013013013013
0.01436605945,0.0361335724021,0.350337139499,0.130563505454,2.50406960768,0.0361335724021,0.0361335724021,1.46701117965,61.5614743303,0.016016016016,0.7806792154,0.829800725099,0.046046046046,0.03003003003
0.0800093598525,0.0191642548093,0.450594214293,0.0367268662396,0.930909013963,0.0191642548093,0.0191642548093,0.194161718836,3.2379042924,0.0890890890891,0.761373107169,0.557879116211,0.177177177177,0.0880880880881
0.00651490241032,0.0449070352153,0.836564645763,0.201664181183,1.8067755363,0.0449070352153,0.0449070352153,3.18012560725,92.0564485564,0.00700700700701,0.66965357338,0.476649258836,0.031031031031,0.024024024024
0.00640622870559,0.0728326111725,0.883185744914,0.530458925021,14.4847691113,0.0728326111725,0.0728326111725,1.99219185609,25.6023905165,0.012012012012,0.523015949273,0.410595774361,0.228228228228,0.216216216216
0.0048831551691,0.0427402561053,0.0380624244881,0.182672949195,2.09946143836,0.0427402561053,0.0427402561053,10.8556905487,54.2173972829,0.005005005005,0.844534962986,0.723440990745,0.014014014014,0.00900900900901
0.00574086033125,0.037603042452,0.145223762901,0.141398880165,0.160553123021,0.037603042452,0.037603042452,7.99160692858,4.93088399964,0.00600600600601,0.829101777524,0.698861632613,0.015015015015,0.00900900900901
0.0150005350831,0.0684389922299,0.0654088488066,0.468389565744,0.705884980154,0.0684389922299,0.0684389922299,0.0662769220473,0.67394850555,0.037037037037,0.302267805629,0.336671950313,0.944944944945,0.907907907908
0.012654124637,0.0611881484672,0.0130228302091,0.374398951284,0.981314548614,0.0611881484672,0.0611881484672,0.0229819471978,1.54690661552,0.035035035035,0.268455038313,0.31688351284,0.545545545546,0.510510510511
0.00162251660628,0.0352128593115,0.439178418798,0.123994546089,0.0841802712578,0.0352128593115,0.0352128593115,3.81499506312,14.7476531932,0.001001001001,0.615335301135,0.740081235672,0.00900900900901,0.00800800800801
0.0173827221171,0.0793703636835,0.439093049937,0.629965463126,0.233497440362,0.0793703636835,0.0793703636835,1.94690956075,1.28532426822,0.026026026026,0.575260750072,0.55000008213,0.171171171171,0.145145145145
0.246933469889,0.0219325901838,0.254552806294,0.048103851217,14.5959888692,0.0219325901838,0.0219325901838,0.0740041495332,10.2601926371,0.28028028028,0.738245421408,0.495151735325,0.607607607608,0.327327327327
0.0561161173802,0.074225801938,0.38661131876,0.550946967334,3.42147344117,0.074225801938,0.074225801938,0.714708791006,6.88988588234,0.0810810810811,0.611981056142,0.551210392357,0.434434434434,0.353353353353
0.0455509751104,0.0623568170059,0.621264712997,0.38883726271,1.89639016625,0.0623568170059,0.0623568170059,0.6899302038,1.84631994187,0.0690690690691,0.646750531213,0.26419571438,0.474474474474,0.405405405405
0.0029276662542,0.060163979295,0.074797908067,0.361970440461,0.151262458285,0.060163979295,0.060163979295,9.8424335295,9.63951963731,0.003003003003,0.701604185021,0.746523097467,0.013013013013,0.01001001001
0.0608442435996,0.0163498402628,0.290075770374,0.0267317276618,2.65863244098,0.0163498402628,0.0163498402628,0.214441871425,12.3847028746,0.0660660660661,0.567835835058,0.565474508135,0.119119119119,0.0530530530531
0.0215695256458,0.0529873506668,0.27818727257,0.280765933069,9.76389695958,0.0529873506668,0.0529873506668,0.903266775498,82.4972942898,0.028028028028,0.637318891947,0.725188756448,0.126126126126,0.0980980980981
0.00237027781127,0.0383442136994,0.732680059761,0.147027872423,0.413688224283,0.0383442136994,0.0383442136994,6.06740242735,66.9475957843,0.002002002002,0.753615923484,0.825642307302,0.01001001001,0.00800800800801
0.0686141602211,0.18777574949,0.00407771001545,3.52597320966,8.97945204453,0.18777574949,0.18777574949,4.43365847037,72.3055698533,0.0520520520521,0.466563537243,0.212790860944,0.0750750750751,0.023023023023
0.0631989786896,0.0454698616946,0.715710890281,0.206750832253,0.0807690169847,0.0454698616946,0.0454698616946,0.20498984902,0.324220307818,0.0840840840841,0.592260525622,0.595413185354,0.417417417417,0.333333333333
0.111110505142,0.0436363068522,0.836633946754,0.19041272757,0.815285549786,0.0436363068522,0.0436363068522,0.32854024297,1.97811948304,0.137137137137,0.754391397898,0.634782036147,0.437437437437,0.3003003003
0.0155337825085,0.049577842367,0.552969896641,0.245796245377,2.65681224828,0.049577842367,0.049577842367,1.07331162229,37.7843746227,0.02002002002,0.613402096187,0.695147784701,0.0980980980981,0.0780780780781
0.00856967848957,0.0294616426058,0.919417052053,0.0867988385029,0.0294604981224,0.0294616426058,0.0294616426058,1.83725509118,2.42282735843,0.00900900900901,0.70128530173,0.619513291691,0.024024024024,0.015015015015
0.0193037561939,0.12331856293,0.297031123505,1.52074679631,2.20549092609,0.12331856293,0.12331856293,0.883076199839,1.67798414359,0.043043043043,0.360043219806,0.403646269819,0.883883883884,0.840840840841
0.00149649489932,0.0886731816376,0.180039859472,0.786293314174,0.0234261461272,0.0886731816376,0.0886731816376,40.9752937369,2.49646356738,0.001001001001,0.374067197067,0.607296726273,0.00800800800801,0.00700700700701
0.564264169147,0.0133593379993,0.173769765373,0.0178471911779,1.34531816624,0.0133593379993,0.0133593379993,0.0168016869483,1.28836883799,0.598598598599,0.801632899011,0.658935432592,0.902902902903,0.304304304304
0.00266839562686,0.0929747016639,0.243151135894,0.864429514949,0.274965558453,0.0929747016639,0.0929747016639,12.2884196167,1.80357053008,0.004004004004,0.567359658689,0.49179936297,0.0540540540541,0.0500500500501
0.00190749326281,0.0127570189776,0.578569216627,0.0162741533195,0.0234684301848,0.0127570189776,0.0127570189776,5.96672712726,20.0563093907,0.001001001001,0.665483437461,0.820607427941,0.002002002002,0.001001001001
0.363488269662,0.0276539051655,0.707479187869,0.07647384709,2.87049419865,0.0276539051655,0.0276539051655,0.0664158828894,2.99107711449,0.415415415415,0.792136927036,0.689757127445,0.954954954955,0.53953953954
0.00171769015919,0.107293831821,0.0209468571842,1.15119663468,3.55744854185,0.107293831821,0.107293831821,0.0436734666496,3.42288135515,0.00800800800801,0.175175270044,0.178759860024,0.80980980981,0.801801801802
0.00302275636052,0.0548251145426,0.945752677428,0.300579318461,1.22491068611,0.0548251145426,0.0548251145426,13.6500771315,92.2006316546,0.003003003003,0.767943204163,0.733642876743,0.015015015015,0.012012012012
0.127823212196,0.0430639776192,0.482320653434,0.185450616839,26.8255229224,0.0430639776192,0.0430639776192,0.107262523692,52.62828574,0.164164164164,0.647068240644,0.704060891786,0.707707707708,0.543543543544
0.0976437320364,0.0220239658855,0.152009997856,0.0485055073328,2.32729517111,0.0220239658855,0.0220239658855,0.175682899576,11.6984477132,0.106106106106,0.776887682529,0.77410678922,0.186186186186,0.0800800800801
0.0341036218323,0.032806821613,0.521879789846,0.107628754434,0.248430834484,0.032806821613,0.032806821613,0.639505510834,3.23139148694,0.039039039039,0.675196740601,0.710948501145,0.0990990990991,0.0600600600601
0.000972122409194,0.104217607845,0.287173281227,1.0861309785,0.485145130933,0.104217607845,0.104217607845,15.4674734872,14.1439930922,0.001001001001,0.531692070636,0.491786024411,0.029029029029,0.028028028028
0.078068597586,0.0247934020152,0.250933562628,0.0614712783489,0.732157603544,0.0247934020152,0.0247934020152,0.308891926882,3.43153149063,0.0860860860861,0.827201205967,0.385775177327,0.164164164164,0.0780780780781
0.0199325888766,0.0548798633245,0.686686517328,0.301179939852,0.489917318632,0.0548798633245,0.0548798633245,0.410828105599,3.10068240551,0.03003003003,0.563806266261,0.572390241206,0.263263263263,0.233233233233
0.148894451818,0.0346078130848,0.522478814245,0.119770072652,0.224803011589,0.0346078130848,0.0346078130848,0.182748876854,0.181053375821,0.184184184184,0.799311974648,0.507919418642,0.590590590591,0.406406406406
0.0451995484934,0.0736131973132,0.524292533837,0.541890281868,56.0885249014,0.0736131973132,0.0736131973132,0.87411619829,63.0514864014,0.0700700700701,0.633504997972,0.516596171711,0.482482482482,0.412412412412
0.0132061622926,0.0540936735628,0.0223983627127,0.292612551952,0.0171012982195,0.0540936735628,0.0540936735628,3.01008654262,0.378205656652,0.016016016016,0.416198613456,0.670402515795,0.038038038038,0.022022022022
0.0978391922638,0.0426755307299,0.944049227863,0.182120092308,96.0346000197,0.0426755307299,0.0426755307299,0.257783131111,80.4296625087,0.132132132132,0.714590405245,0.441581361837,0.631631631632,0.499499499499
0.0268919713048,0.0669222578734,0.195620822921,0.447858859888,0.87558866855,0.0669222578734,0.0669222578734,1.96660102789,1.9451089465,0.038038038038,0.700083058141,0.524921647731,0.182182182182,0.144144144144
0.00155241498022,0.045682901219,0.848393248627,0.208692746379,0.303488446601,0.045682901219,0.045682901219,13.6137122592,69.1569399861,0.001001001001,0.7847209631,0.808007711969,0.00700700700701,0.00600600600601
0.00155932284784,0.0367396806196,0.132439979679,0.134980413203,0.0595968409496,0.0367396806196,0.0367396806196,23.5534915941,2.10186821534,0.001001001001,0.856333905606,0.733060530847,0.00500500500501,0.004004004004
0.0308726139511,0.0487444745215,0.0666085742437,0.237602379637,3.8601891245,0.0487444745215,0.0487444745215,0.510757790631,1.27628969958,0.049049049049,0.675735671055,0.27028362468,0.431431431431,0.382382382382
0.022063947741,0.0231329659617,0.763266459247,0.0535134114184,0.313275421797,0.0231329659617,0.0231329659617,0.917657638829,5.5139177296,0.024024024024,0.720829517723,0.666588099161,0.0520520520521,0.028028028028
0.00599972243676,0.120404874531,0.96437174304,1.44973338109,98.1091554143,0.120404874531,0.120404874531,0.886830246536,92.2665728026,0.017017017017,0.308613293637,0.306274275045,0.988988988989,0.971971971972
0.0279908772143,0.0684134434005,0.0107604305993,0.468039923791,0.0264191595884,0.0684134434005,0.0684134434005,2.28906041065,0.193661552274,0.036036036036,0.481402358423,0.558692284892,0.0950950950951,0.0590590590591
0.00470255077257,0.0164115612766,0.469032867025,0.0269339343535,0.583437031387,0.0164115612766,0.0164115612766,3.27576335733,71.5627603861,0.004004004004,0.82676502809,0.679075843958,0.00700700700701,0.003003003003
0.022732641745,0.0532842507743,0.322209242062,0.283921138058,0.607280723233,0.0532842507743,0.0532842507743,1.91660875293,5.73435028765,0.028028028028,0.709968206345,0.730156127009,0.0920920920921,0.0640640640641
0.0292431436507,0.0853856240701,0.0631389641364,0.729070479784,0.90670475831,0.0853856240701,0.0853856240701,2.66361758608,2.27550282598,0.042042042042,0.627922151389,0.596293264013,0.184184184184,0.142142142142
0.0027887657057,0.0134535780444,0.0644847822811,0.0180998762197,0.0331980662681,0.0134535780444,0.0134535780444,1.89899786129,13.9851185664,0.002002002002,0.821820300112,0.65926509861,0.003003003003,0.001001001001
0.00148795959155,0.0184010718216,0.0679664567385,0.0338599444183,13.2947180795,0.0184010718216,0.0184010718216,0.0309382817677,0.517518943832,0.048048048048,0.00349084876775,0.00516468716181,0.963963963964,0.915915915916
0.00206586915681,0.134584311099,0.191513785341,1.81129367939,13.9816574102,0.134584311099,0.134584311099,2.34516609107,33.2065755387,0.00500500500501,0.334034990604,0.345542315702,0.295295295295,0.29029029029
0.00995895039645,0.0756613782709,0.0084105460267,0.572464416186,0.196653308311,0.0756613782709,0.0756613782709,3.84763906423,2.85211004513,0.013013013013,0.621838457624,0.712553274961,0.049049049049,0.036036036036
0.177716546657,0.0487651620915,0.315271899254,0.237804103381,20.307813124,0.0487651620915,0.0487651620915,0.141899087631,26.715304365,0.225225225225,0.666929377597,0.634108692901,0.806806806807,0.581581581582
0.073012388699,0.0513465258066,0.6111760185,0.263646571241,6.85097279823,0.0513465258066,0.0513465258066,0.440470450894,6.25551116763,0.102102102102,0.720136531093,0.460340187687,0.517517517518,0.415415415415
0.00452401429705,0.0622619955345,0.0320470831366,0.387655608794,0.784219653699,0.0622619955345,0.0622619955345,0.125759079532,2.84349241057,0.011011011011,0.306865948591,0.358269389245,0.242242242242,0.231231231231
0.00461939405263,0.0869697541714,0.0609808302928,0.756373814064,1.53077695803,0.0869697541714,0.0869697541714,10.2776008832,34.8972882228,0.00600600600601,0.601055878609,0.667867991011,0.03003003003,0.024024024024
0.0993823269478,0.0244467385611,0.530796836439,0.0597643026276,0.603408593921,0.0244467385611,0.0244467385611,0.077760969636,3.12678702379,0.114114114114,0.687940418267,0.68793106587,0.316316316316,0.202202202202
0.00963358849535,0.0394809538455,0.68982149456,0.155874571655,1.54012204674,0.0394809538455,0.0394809538455,1.97035592613,60.7954093619,0.011011011011,0.729199603807,0.727127515311,0.039039039039,0.028028028028
0.0547364875462,0.0678767760971,0.866493966873,0.460725673333,0.181483760286,0.0678767760971,0.0678767760971,0.553860973701,0.496248748453,0.0790790790791,0.578948232472,0.59560895971,0.473473473473,0.394394394394
0.0451131627037,0.0784596680443,0.318855128196,0.615591950963,0.871785818301,0.0784596680443,0.0784596680443,1.15540555786,1.64973700224,0.0660660660661,0.63619197852,0.575656244971,0.35035035035,0.284284284284
0.00150420965636,0.102729506197,0.747908349775,1.05533514434,4.48144124889,0.102729506197,0.102729506197,11.5416568702,81.1044320728,0.002002002002,0.515287879406,0.510138803115,0.0520520520521,0.0500500500501
0.00978906260357,0.083761632446,0.990536434477,0.701601107002,0.13630443298,0.083761632446,0.083761632446,3.46885247872,0.800131412477,0.016016016016,0.51156806157,0.482092475979,0.145145145145,0.129129129129
0.0752093270197,0.0268277014298,0.112596301882,0.0719725564006,9.04482550741,0.0268277014298,0.0268277014298,0.293652823066,51.7853814352,0.0830830830831,0.760300736164,0.855897738928,0.154154154154,0.0710710710711
0.00164690992237,0.0381593090109,0.494774231926,0.145613286419,0.0429238331421,0.0381593090109,0.0381593090109,34.1663577181,13.0599634273,0.001001001001,0.852202094991,0.83337167895,0.003003003003,0.002002002002
0.00624396294464,0.0204476784008,0.0369908547078,0.0418107551984,0.683858842165,0.0204476784008,0.0204476784008,3.49375407892,26.1321988331,0.00600600600601,0.919433288754,0.752486023297,0.011011011011,0.00500500500501
0.0104164890016,0.090945421535,0.90314139043,0.827106969817,0.531006593781,0.090945421535,0.090945421535,2.72302022048,2.09279962582,0.018018018018,0.524184077731,0.485271912786,0.21021021021,0.192192192192
0.291426089963,0.0223595556398,0.638445216276,0.0499949728411,0.135804809563,0.0223595556398,0.0223595556398,0.0622857711055,0.239793386114,0.322322322322,0.684905821236,0.723297764841,0.645645645646,0.323323323323
0.0906964083413,0.0618131172953,0.0372761304627,0.382086146976,7.82049878336,0.0618131172953,0.0618131172953,0.165106990954,11.1756590156,0.132132132132,0.543572968038,0.685178451739,0.578578578579,0.446446446446
0.00165111020371,0.031943928953,0.700030462771,0.102041459695,0.161532949401,0.031943928953,0.031943928953,2.58820345082,34.8213943589,0.001001001001,0.703526365244,0.496767515143,0.01001001001,0.00900900900901
0.221243831214,0.0202964794874,0.266031105052,0.0411947079581,0.22770063373,0.0202964794874,0.0202964794874,0.0714477470632,0.533531660028,0.24024024024,0.605631184121,0.770536897874,0.425425425425,0.185185185185
0.0497050758726,0.0492873460337,0.106608013011,0.242924247905,0.0278323301331,0.0492873460337,0.0492873460337,1.03698808168,0.143552844902,0.0600600600601,0.406636189824,0.654928420526,0.145145145145,0.0850850850851
0.14455682991,0.0314008071162,0.31607779886,0.098601068755,1.06377172831,0.0314008071162,0.0314008071162,0.113726119044,2.9067650722,0.167167167167,0.692337036655,0.799851871223,0.429429429429,0.262262262262
0.00501970207415,0.0351032061187,0.729096950834,0.123223507981,0.0130378769595,0.0351032061187,0.0351032061187,8.35194987629,1.44567980683,0.00500500500501,0.738579983103,0.704502754177,0.011011011011,0.00600600600601
0.00437757692408,0.0314961965711,0.149741953625,0.0992010398446,0.830334205846,0.0314961965711,0.0314961965711,5.24587792878,74.013557338,0.004004004004,0.842448665458,0.886217766011,0.01001001001,0.00600600600601
0.0327305730437,0.0203566673879,0.36256166754,0.0414393907141,0.0777497202559,0.0203566673879,0.0203566673879,0.494265927919,1.37728710278,0.035035035035,0.787034679222,0.791458469842,0.0620620620621,0.027027027027
0.103965986586,0.0868291031302,0.0574032763571,0.75392931504,0.202377499109,0.0868291031302,0.0868291031302,0.35605177826,0.183768004082,0.159159159159,0.527261930251,0.54454907352,0.788788788789,0.62962962963
0.0561074194013,0.0527442538431,0.4853478526,0.278195631347,22.6516686699,0.0527442538431,0.0527442538431,0.693317928826,33.6615839318,0.0760760760761,0.739339012658,0.546217500612,0.337337337337,0.261261261261
0.00346140687825,0.105251821726,0.612215990678,1.10779459766,4.85033058821,0.105251821726,0.105251821726,6.46991693663,31.4220554061,0.00600600600601,0.499436279128,0.468861109865,0.11011011011,0.104104104104
0.00647069125968,0.0330416217466,0.429279491815,0.109174876764,0.0551710905385,0.0330416217466,0.0330416217466,2.16839338491,3.71365538936,0.00700700700701,0.681345944388,0.773897910773,0.021021021021,0.014014014014
0.0422971520993,0.0397749941731,0.61660517425,0.158205016147,1.06733996122,0.0397749941731,0.0397749941731,0.310412620954,0.553093213491,0.0630630630631,0.709745950421,0.363324103814,0.477477477477,0.414414414414
0.00399510801672,0.103591535439,0.655485417816,1.07312062146,0.344869420528,0.103591535439,0.103591535439,5.92604761016,2.61370801964,0.00700700700701,0.453607462857,0.484156011891,0.109109109109,0.102102102102
0.0552951005491,0.288864432171,0.00196762017843,8.34426601735,19.1509051859,0.288864432171,0.288864432171,0.0414213627901,68.5221527676,0.424424424424,0.459749922267,0.112147210124,0.51951951952,0.0950950950951
0.0250327699956,0.056241416532,0.932512173928,0.316309693352,0.802696200983,0.056241416532,0.056241416532,1.25667442382,7.37097211853,0.032032032032,0.699843716036,0.368257125094,0.15015015015,0.118118118118
0.0148791673285,0.0402631738377,0.336379263908,0.162112316749,0.979528533758,0.0402631738377,0.0402631738377,2.73515712102,15.5855206261,0.017017017017,0.820529151297,0.705828217523,0.046046046046,0.029029029029
0.00724194544891,0.0456346494572,0.642504029738,0.208252123108,1.89773042451,0.0456346494572,0.0456346494572,5.40892514859,58.3426608471,0.00800800800801,0.746725780525,0.721383721114,0.029029029029,0.021021021021
0.00941646443422,0.0606634021861,0.89646327557,0.36800483648,1.4925932115,0.0606634021861,0.0606634021861,3.52733267866,31.0186048611,0.012012012012,0.647298243258,0.700635919119,0.0620620620621,0.0500500500501
0.0064930203735,0.0901045469428,0.883417856726,0.811882937977,19.1611468914,0.0901045469428,0.0901045469428,1.06313094079,13.0061108447,0.016016016016,0.271423176015,0.285931299915,0.631631631632,0.615615615616
0.0223746366275,0.0692329156205,0.315015290967,0.479319660531,6.59971356142,0.0692329156205,0.0692329156205,0.968988480409,4.21361494332,0.039039039039,0.563799340739,0.423502173221,0.427427427427,0.388388388388
0.0262199170756,0.0406097174059,0.131761777573,0.164914914778,3.47557926305,0.0406097174059,0.0406097174059,1.27422670169,8.16080623299,0.033033033033,0.807096815813,0.534673209327,0.117117117117,0.0840840840841
0.00587666294957,0.0497597731506,0.952361312631,0.2476035024,0.488059383023,0.0497597731506,0.0497597731506,6.35841152404,11.0519925745,0.00700700700701,0.698906051794,0.658328587739,0.032032032032,0.025025025025
0.00446808682508,0.0211490958463,0.747326721417,0.0447284255117,0.305446831193,0.0211490958463,0.0211490958463,3.02041267421,55.8957034727,0.004004004004,0.875484615853,0.842744137529,0.00900900900901,0.00500500500501
0.161948637431,0.0299769377251,0.170002477023,0.0898616795372,1.00208744363,0.0299769377251,0.0299769377251,0.136822964139,2.49160544243,0.183183183183,0.773857942865,0.707508949677,0.383383383383,0.2002002002
0.153168841904,0.499542028164,0.00495986142637,24.9542237902,7.14591384095,0.499542028164,0.499542028164,0.0969023108202,39.669864029,0.961961961962,0.48494082611,0.168909542289,0.977977977978,0.016016016016
0.00273717968746,0.0729816904764,0.62050848513,0.532632714479,0.744217669456,0.0729816904764,0.0729816904764,13.5472010118,28.7536831667,0.003003003003,0.695884520113,0.675455958387,0.024024024024,0.021021021021
0.0806896716508,0.0220306133502,0.364647411663,0.0485347924584,8.28191668282,0.0220306133502,0.0220306133502,0.195668201797,56.1180034511,0.0880880880881,0.718135590286,0.759819791141,0.168168168168,0.0800800800801
0.155053784946,0.0153537741358,0.456874384589,0.0235738380214,20.8220778217,0.0153537741358,0.0153537741358,0.0615317835368,21.4466407299,0.173173173173,0.853410070703,0.397592234948,0.375375375375,0.202202202202
0.00700391762578,0.0324760796267,0.00803540578606,0.105469574792,0.605829150408,0.0324760796267,0.0324760796267,0.348994354113,16.4459562351,0.00900900900901,0.559563924007,0.626357707555,0.033033033033,0.024024024024
0.0273924972935,0.026033512001,0.491214058695,0.0677743747104,0.589180973796,0.026033512001,0.026033512001,0.787506430463,10.9034658013,0.03003003003,0.754710733348,0.722282748641,0.0620620620621,0.032032032032
0.0985937863814,0.0420109960787,0.371520161391,0.176492379152,0.51643257308,0.0420109960787,0.0420109960787,0.152795076825,1.35556044927,0.124124124124,0.672470740808,0.692629557367,0.476476476476,0.352352352352
0.134586779871,0.0344525983151,0.503444629933,0.118698153066,22.7620196473,0.0344525983151,0.0344525983151,0.192390012838,66.6690846557,0.156156156156,0.775620584063,0.730998371047,0.397397397397,0.241241241241
0.0276174022375,0.0839862115733,0.079440328035,0.705368373443,5.81799731811,0.0839862115733,0.0839862115733,1.68363947755,5.08429744827,0.045045045045,0.617456945428,0.477783584257,0.334334334334,0.289289289289
0.0442166973656,0.0156222561352,0.389604647665,0.0244054886754,0.339891301798,0.0156222561352,0.0156222561352,0.201073412033,5.53848514042,0.046046046046,0.492207871368,0.665811097394,0.0790790790791,0.033033033033
0.0226103637416,0.0619577026029,0.0827580127772,0.383875691183,10.1985500655,0.0619577026029,0.0619577026029,0.0755558432107,11.7748517209,0.046046046046,0.37897018498,0.347548412817,0.811811811812,0.765765765766
0.0179141027863,0.0322549250294,0.0860578092637,0.104038018865,2.78134363032,0.0322549250294,0.0322549250294,2.0941315791,30.4866948278,0.02002002002,0.857925897953,0.669360374444,0.043043043043,0.023023023023
0.00107499485429,0.0165467782865,0.740650865434,0.0273795871663,28.0140316076,0.0165467782865,0.0165467782865,0.02452091733,11.6585447283,0.188188188188,0.00140478959886,0.0020959147163,0.870870870871,0.682682682683
0.099479231937,0.0221144496193,0.206735959,0.0489048881964,32.1836536618,0.0221144496193,0.0221144496193,0.212496361457,97.0774386444,0.11011011011,0.643461291213,0.595131621823,0.205205205205,0.0950950950951
0.141409430157,0.0287284346735,0.345738198642,0.0825322958789,1.18586694294,0.0287284346735,0.0287284346735,0.193575027498,2.96311640578,0.16016016016,0.817909354305,0.740761872799,0.338338338338,0.178178178178
0.00241837174039,0.0489809986449,0.297182594477,0.239913822825,0.0625473838134,0.0489809986449,0.0489809986449,14.7400743637,7.22059896528,0.002002002002,0.741204771587,0.758577450585,0.00800800800801,0.00600600600601
0.0125001077181,0.0381372936896,0.392143322696,0.145445316997,0.264159852058,0.0381372936896,0.0381372936896,3.03613142259,4.94986725215,0.014014014014,0.819493859034,0.748711703255,0.038038038038,0.024024024024
0.00478481010897,0.118560636215,0.65290112249,1.40566244598,0.334540818441,0.118560636215,0.118560636215,2.52915691016,0.782821233246,0.011011011011,0.360069379833,0.31035229022,0.332332332332,0.321321321321
0.0112552879714,0.0578959669505,0.778471938791,0.335194298914,3.94214944007,0.0578959669505,0.0578959669505,1.5150872657,7.19296467453,0.018018018018,0.63253772007,0.336292151321,0.196196196196,0.178178178178
0.00134292013892,0.111229912496,0.0691481608514,1.23720934339,0.470523730868,0.111229912496,0.111229912496,6.57910075715,7.48120549061,0.002002002002,0.442347521586,0.471308177777,0.046046046046,0.044044044044
0.0311019652136,0.0664336042758,0.0215263882204,0.441342377708,0.213110948809,0.0664336042758,0.0664336042758,1.69774745777,1.27187155928,0.04004004004,0.656007627311,0.73509288534,0.117117117117,0.0770770770771
0.0639535390493,0.0650231947333,0.00270834670502,0.422801585332,22.7531823464,0.0650231947333,0.0650231947333,1.28420356509,37.9471342887,0.0830830830831,0.71971667834,0.642785533313,0.247247247247,0.164164164164
0.00538396559179,0.0928393878947,0.378129505328,0.861915194467,10.3611210954,0.0928393878947,0.0928393878947,6.50690384074,47.6773962733,0.00900900900901,0.542513401831,0.462177325954,0.0990990990991,0.0900900900901
0.0504472239961,0.0454900599102,0.9727596277,0.206934555064,0.186400786207,0.0454900599102,0.0454900599102,0.454616817678,0.215370336863,0.0710710710711,0.363109418244,0.423617246072,0.409409409409,0.338338338338
0.391092580598,0.014316152264,0.195501322655,0.0204952215647,43.0844144321,0.014316152264,0.014316152264,0.0196858193462,69.7208893784,0.414414414414,0.452475525093,0.781598714471,0.668668668669,0.254254254254
0.0722285860694,0.0909847923306,0.044884897495,0.827823243543,69.4728392324,0.0909847923306,0.0909847923306,1.1032686311,72.3256580511,0.106106106106,0.631184282993,0.599730106561,0.468468468468,0.362362362362
0.0176832247662,0.0466946562491,0.144988220953,0.218039092222,7.40731928599,0.0466946562491,0.0466946562491,2.94427542618,64.1297352856,0.021021021021,0.802996795203,0.68503798085,0.0590590590591,0.038038038038
0.0215345415344,0.0671043283088,0.689284399585,0.450299087778,13.6782224802,0.0671043283088,0.0671043283088,1.02863038529,14.9814739799,0.036036036036,0.603486498767,0.373635117041,0.373373373373,0.337337337337
0.0910840070889,0.164141301928,0.00162105765099,2.69423669988,0.598985082095,0.164141301928,0.164141301928,0.133442909792,15.5636579295,0.023023023023,0.50125839033,0.246455671703,0.025025025025,0.002002002002
0.115143730704,0.0554446216464,0.0906377113369,0.307410606952,0.0483655215419,0.0554446216464,0.0554446216464,0.396694455984,0.0924733012115,0.145145145145,0.439642998686,0.68234430411,0.404404404404,0.259259259259
0.175095103063,0.0189771876101,0.607974422708,0.036013364959,0.311852226841,0.0189771876101,0.0189771876101,0.0847032926207,0.585218612171,0.194194194194,0.844706253751,0.327429709571,0.392392392392,0.198198198198
0.0591106842445,0.0365291553507,0.080191896314,0.133437919063,0.0609340127841,0.0365291553507,0.0365291553507,0.191724472705,0.279135344432,0.0730730730731,0.59270907132,0.691397867612,0.212212212212,0.139139139139
0.0396856826383,0.0230479295842,0.791650653017,0.053120705812,3.18395312258,0.0230479295842,0.0230479295842,0.488304468815,29.6256897072,0.044044044044,0.791090024895,0.666953231854,0.0970970970971,0.0530530530531
0.0588204582171,0.0709044207247,0.37766716726,0.50274368783,2.12699671049,0.0709044207247,0.0709044207247,0.830727810144,4.18806302846,0.0820820820821,0.65021738397,0.38491699536,0.388388388388,0.306306306306
0.17414769515,0.0257474857202,0.942211031584,0.0662933020913,7.46961494694,0.0257474857202,0.0257474857202,0.121247612454,14.0974958299,0.2002002002,0.753240858195,0.605702406615,0.484484484484,0.284284284284
0.050792077433,0.0167265366037,0.64398833779,0.0279777026756,0.635631628794,0.0167265366037,0.0167265366037,0.234310286036,8.78655204938,0.0540540540541,0.831688670413,0.77330395073,0.0950950950951,0.041041041041
0.206420675467,0.0478215836793,0.721941708658,0.228690386559,9.98009077637,0.0478215836793,0.0478215836793,0.192696362831,10.5589148156,0.261261261261,0.729496422511,0.649872197644,0.891891891892,0.630630630631
0.0649614832738,0.0627178893107,0.809805201407,0.393353363959,3.90049926363,0.0627178893107,0.0627178893107,0.571451429722,10.2655561442,0.0890890890891,0.637816299256,0.646115677453,0.435435435435,0.346346346346
0.17561009692,0.0472540818547,0.346234561118,0.223294825193,68.2159391493,0.0472540818547,0.0472540818547,0.200624514376,27.2793132195,0.235235235235,0.758540783543,0.459552750359,0.972972972973,0.737737737738
0.13220021381,0.0344316015953,0.651440434649,0.118553518842,5.27427083253,0.0344316015953,0.0344316015953,0.131139170091,16.7978992313,0.156156156156,0.738213867784,0.705571434895,0.471471471471,0.315315315315
0.0758774307707,0.0331601105406,0.179273585712,0.109959293106,0.250730668853,0.0331601105406,0.0331601105406,0.338931654619,0.22547919246,0.0940940940941,0.795181980937,0.453774710011,0.301301301301,0.207207207207
0.00967300601793,0.0291129115194,0.390555759838,0.0847561617138,2.11697907877,0.0291129115194,0.0291129115194,2.34657293388,97.7070543876,0.01001001001,0.80049414038,0.856694944397,0.023023023023,0.013013013013
0.408446640177,0.0159247350401,0.868466400512,0.0253597186096,0.170820284208,0.0159247350401,0.0159247350401,0.0265553340681,0.300969782504,0.439439439439,0.759140782533,0.482195141782,0.793793793794,0.354354354354
0.00895034156019,0.0874518145165,0.0423562720719,0.764781986222,0.287928110647,0.0874518145165,0.0874518145165,8.59733220257,3.26506491174,0.012012012012,0.593027295288,0.669251146937,0.049049049049,0.037037037037
0.00687121449667,0.0993547654221,0.642728954369,0.987136941209,3.41201488364,0.0993547654221,0.0993547654221,1.6528493833,3.25762788543,0.016016016016,0.413767482578,0.315396570666,0.467467467467,0.451451451451
0.00301669826755,0.0185358102992,0.0518498782334,0.0343576263447,0.125390685502,0.0185358102992,0.0185358102992,6.18603914782,6.63038205687,0.002002002002,0.93474052895,0.516689349732,0.00500500500501,0.003003003003
0.0073840990866,0.0889742433503,0.397102237738,0.791641597975,5.27117126786,0.0889742433503,0.0889742433503,5.32235616525,47.7240541911,0.011011011011,0.592781759657,0.572065393332,0.0860860860861,0.0750750750751
0.260483190091,0.0165389846388,0.764404125483,0.0273538012883,0.429112089493,0.0165389846388,0.0165389846388,0.0380701736264,1.29096781467,0.279279279279,0.791980443692,0.507618662918,0.516516516517,0.237237237237
0.120405305717,0.0835822826396,0.0181110873195,0.698599797125,2.90823083395,0.0835822826396,0.0835822826396,0.691865072869,2.71332129252,0.167167167167,0.652324200931,0.644450045444,0.582582582583,0.415415415415
0.00681219721291,0.0646689856842,0.925259095728,0.418207770943,1.12591637115,0.0646689856842,0.0646689856842,6.16431520807,18.7247591228,0.00900900900901,0.627093898663,0.615924465626,0.0510510510511,0.042042042042
0.142341637052,0.0226540011349,0.607427693219,0.051320376742,0.270240908551,0.0226540011349,0.0226540011349,0.104989105297,0.237060034591,0.167167167167,0.808437008038,0.420750050443,0.465465465465,0.298298298298
0.129046759047,0.0445961853048,0.269018068362,0.198881974374,0.2057337878,0.0445961853048,0.0445961853048,0.322244939339,0.413183402786,0.156156156156,0.641950976327,0.725740842323,0.414414414414,0.258258258258
0.00220198332149,0.0145132646777,0.388449583294,0.0210634851604,0.022500823617,0.0145132646777,0.0145132646777,8.47909097412,2.73324654826,0.001001001001,0.904151174486,0.548469270542,0.002002002002,0.001001001001
0.0072847256897,0.0691627544788,0.935234881822,0.478348660709,0.268937417235,0.0691627544788,0.0691627544788,3.98475754611,5.61616167439,0.01001001001,0.577445480072,0.618598421433,0.0660660660661,0.0560560560561
0.311940138732,0.0162683353809,0.308952173298,0.0264658736066,2.09683958196,0.0162683353809,0.0162683353809,0.0412224211119,2.92074465119,0.337337337337,0.78690897032,0.674818858325,0.571571571572,0.234234234234
0.353554966474,0.0251049809966,0.896134040753,0.0630260070838,0.095122042843,0.0251049809966,0.0251049809966,0.0581293946935,0.0876574841154,0.405405405405,0.749552365813,0.447303494565,0.962962962963,0.557557557558
0.00693163889394,0.0580586268131,0.227362115099,0.337080414742,0.505770275273,0.0580586268131,0.0580586268131,7.92953475358,11.5881886819,0.00800800800801,0.765060988626,0.720581493623,0.029029029029,0.021021021021
0.134199466489,0.013090384637,0.0912176126544,0.0171358169944,0.502184788835,0.013090384637,0.013090384637,0.0760671431474,1.67473362323,0.142142142142,0.611037525548,0.572815785785,0.206206206206,0.0640640640641
0.0422774796596,0.0175584965052,0.989969594599,0.0308300799522,1.13528275127,0.0175584965052,0.0175584965052,0.249777731136,24.047893661,0.045045045045,0.813045952926,0.773622719978,0.0860860860861,0.041041041041
0.00166147077882,0.0225656613888,0.768063373568,0.0509209073912,0.0125857701602,0.0225656613888,0.0225656613888,13.0719457757,13.6941050186,0.001001001001,0.824713455589,0.860875443081,0.002002002002,0.001001001001
0.00318539319047,0.0313888835864,0.782830257781,0.0985262012798,0.342306049251,0.0313888835864,0.0313888835864,8.60407033867,18.6496985308,0.003003003003,0.755409802804,0.748548051554,0.01001001001,0.00700700700701
0.00146983270264,0.0870791854179,0.847827103587,0.758278453304,7.09437412451,0.0870791854179,0.0870791854179,5.00547798595,21.800069277,0.003003003003,0.39325047688,0.335009716116,0.127127127127,0.124124124124
0.00606731522715,0.0297575247477,0.331051054489,0.0885510279109,0.0734735156883,0.0297575247477,0.0297575247477,5.39368459265,4.11110243676,0.00600600600601,0.793047300097,0.782115864102,0.013013013013,0.00700700700701
0.0151723579777,0.0341070556551,0.997803851351,0.116329124546,2.18922659672,0.0341070556551,0.0341070556551,1.3446694638,13.1369463503,0.019019019019,0.729482075227,0.517943905609,0.0800800800801,0.0610610610611
0.00235792219295,0.0431037323719,0.648711682988,0.185793174439,0.252155060356,0.0431037323719,0.0431037323719,18.275617715,20.0025446041,0.002002002002,0.793994288467,0.774321299372,0.00800800800801,0.00600600600601
0.00309741537598,0.0262628419245,0.949204302162,0.0689736865952,0.0125459207963,0.0262628419245,0.0262628419245,9.2826753752,4.17246950081,0.002002002002,0.452919594975,0.834358721597,0.00500500500501,0.003003003003
0.0203583057179,0.0426331944726,0.160559128397,0.181758927094,0.257501108806,0.0426331944726,0.0426331944726,2.3619755014,2.07110758627,0.024024024024,0.795866384094,0.680156203972,0.0630630630631,0.039039039039
0.00672007337271,0.0507125427541,0.259556001304,0.257176199259,1.11858905257,0.0507125427541,0.0507125427541,1.6634527224,1.30627390861,0.011011011011,0.556406199924,0.380301075538,0.143143143143,0.132132132132
0.0639490270866,0.0411528089838,0.340384234197,0.169355368726,2.34262903269,0.0411528089838,0.0411528089838,0.294672069344,10.4699989531,0.0780780780781,0.694605610739,0.767798970463,0.261261261261,0.183183183183
0.012924620147,0.12272416861,0.120231911515,1.50612215609,0.130722479345,0.12272416861,0.12272416861,1.27785902569,0.213347689733,0.028028028028,0.313131484102,0.367148809426,0.423423423423,0.395395395395
0.0137243400134,0.0206061051916,0.274483170618,0.0424611571168,0.20042197344,0.0206061051916,0.0206061051916,0.387283106196,7.78208938175,0.015015015015,0.653128090618,0.557252295175,0.036036036036,0.021021021021
0.000564203443167,0.0212478978059,0.829429628084,0.0451473161172,32.8886818824,0.0212478978059,0.0212478978059,0.0357977682959,22.34034964,0.0760760760761,0.00101205953025,0.00152046559329,0.958958958959,0.882882882883
0.00243701938755,0.126618816908,0.629501446492,1.60323247953,3.16157503013,0.126618816908,0.126618816908,1.39853424683,2.21478197211,0.00800800800801,0.264524569305,0.246501790241,0.790790790791,0.782782782783
0.122605537326,0.0215400123931,0.0237961565329,0.0463972133894,0.276872027865,0.0215400123931,0.0215400123931,0.0592927797854,1.01421522659,0.137137137137,0.377808022214,0.807473959074,0.256256256256,0.119119119119
0.129402526393,0.0478125537541,0.597035374744,0.228604029649,0.51160287055,0.0478125537541,0.0478125537541,0.128695138498,0.937774141076,0.17017017017,0.591066193707,0.599064320072,0.786786786787,0.616616616617
0.0467619415658,0.0234591108615,0.349306143045,0.0550329882412,1.76151380915,0.0234591108615,0.0234591108615,0.215265599928,19.4838745785,0.0520520520521,0.665527720929,0.787712063881,0.119119119119,0.0670670670671
0.0103525371435,0.0315140808039,0.446898094174,0.0993137288912,0.140390091587,0.0315140808039,0.0315140808039,0.853308986877,5.13930428699,0.012012012012,0.703925988839,0.675472978688,0.042042042042,0.03003003003
0.00420691766869,0.0372014094053,0.424509326843,0.138394486174,0.57728128872,0.0372014094053,0.0372014094053,6.51243942032,53.5271427576,0.004004004004,0.805491740133,0.842721779673,0.012012012012,0.00800800800801
0.00461762490133,0.0166865183346,0.37902287071,0.0278439894132,0.260073096714,0.0166865183346,0.0166865183346,3.22238425409,34.0108099177,0.004004004004,0.886416894989,0.864659503649,0.00700700700701,0.003003003003
0.00191047727983,0.12095338256,0.285997374737,1.46297207528,6.1309689534,0.12095338256,0.12095338256,1.56601487768,15.0901765426,0.005005005005,0.29735673338,0.321898113271,0.343343343343,0.338338338338
0.134583028388,0.0348842794678,0.0227870867215,0.121691295399,16.0853364394,0.0348842794678,0.0348842794678,0.0547117265916,29.8458504797,0.171171171171,0.576988808083,0.795461580614,0.487487487487,0.316316316316
0.00386039352885,0.0959055787289,0.730092517447,0.919788003132,20.1739519782,0.0959055787289,0.0959055787289,0.937936251859,68.156801084,0.00900900900901,0.350809563389,0.374031218463,0.396396396396,0.387387387387
0.186296161353,0.0102709101064,0.0443694380603,0.0105491594414,3.63918535171,0.0102709101064,0.0102709101064,0.0375959792279,6.97137054395,0.197197197197,0.556013530219,0.469900089704,0.274274274274,0.0770770770771
0.00419180201993,0.0518028358307,0.850230563427,0.268353380011,4.59759856802,0.0518028358307,0.0518028358307,7.8924170444,87.3996250779,0.005005005005,0.747604120428,0.593144579089,0.029029029029,0.024024024024
0.00106656833881,0.0547219339136,0.122572291892,0.299449005125,0.288632854517,0.0547219339136,0.0547219339136,2.23369316996,12.1109974701,0.001001001001,0.513685149773,0.558177398199,0.024024024024,0.023023023023
0.00384712848882,0.0758804764748,0.972331026241,0.575784671004,0.170681800955,0.0758804764748,0.0758804764748,10.0370443631,4.72683961726,0.005005005005,0.646285242346,0.593938990052,0.038038038038,0.033033033033
0.0203752572251,0.0726856029131,0.220387960823,0.528319687085,0.506215181666,0.0726856029131,0.0726856029131,0.557627608589,1.63029767199,0.033033033033,0.491924412452,0.557514683205,0.306306306306,0.273273273273
0.00920304415363,0.126160856924,0.0373492820268,1.59165618199,12.7850012024,0.126160856924,0.126160856924,1.85269777599,5.24811301679,0.023023023023,0.382141138638,0.29720735142,0.635635635636,0.612612612613
0.00213378385121,0.0127351739994,0.764321836956,0.0162184656796,0.0450168551983,0.0127351739994,0.0127351739994,7.07997870943,7.95607821981,0.001001001001,0.912790197771,0.58346010557,0.002002002002,0.001001001001
0.0592159650226,0.107845096994,0.0929585759762,1.16305649456,7.2963153571,0.107845096994,0.107845096994,0.975245311417,4.15890603298,0.101101101101,0.396999570293,0.50540380591,0.768768768769,0.667667667668
0.00241390882773,0.0902050048143,0.328708640256,0.813694289356,6.51583240487,0.0902050048143,0.0902050048143,1.18011695978,32.2622024867,0.005005005005,0.387356580192,0.401818743092,0.215215215215,0.21021021021
0.230730336042,0.0327801186561,0.00900438072536,0.107453617911,35.8765037468,0.0327801186561,0.0327801186561,0.0784557412452,57.8890603861,0.267267267267,0.706789847979,0.854696408329,0.527527527528,0.26026026026
0.000615894214244,0.129753957043,0.44240790462,1.68360893682,0.891465140864,0.129753957043,0.129753957043,10.9851272519,4.44027325896,0.001001001001,0.34989989755,0.308655484952,0.102102102102,0.101101101101
0.00901102163328,0.0815895628531,0.0576891926958,0.665685676656,14.13260279,0.0815895628531,0.0815895628531,0.462043985621,46.2914620791,0.018018018018,0.367124653767,0.487535444485,0.253253253253,0.235235235235
0.00189500282101,0.0136436284917,0.844042640604,0.0186148598419,0.0156970883554,0.0136436284917,0.0136436284917,8.58810470473,1.99851541996,0.001001001001,0.932802124108,0.760676963897,0.002002002002,0.001001001001
0.00617612974093,0.103870803434,0.583778127177,1.0789143806,0.825344884264,0.103870803434,0.103870803434,3.66865238057,2.35575983466,0.012012012012,0.435756800315,0.433578394661,0.206206206206,0.194194194194
0.0250135550729,0.136591555445,0.00825268280207,1.86572530189,0.477309723826,0.136591555445,0.136591555445,1.33832067677,0.631553093733,0.048048048048,0.435335363338,0.483674698194,0.438438438438,0.39039039039
0.0140282011334,0.0498974483041,0.499546785618,0.248975534726,2.0535731761,0.0498974483041,0.0498974483041,1.98437915858,36.1790928301,0.017017017017,0.661523756801,0.733016342489,0.0660660660661,0.049049049049
0.00253182898009,0.172220051821,0.0228692316849,2.96597462491,2.29802650456,0.172220051821,0.172220051821,6.03156732727,4.32714618819,0.00600600600601,0.35818165568,0.356452988115,0.228228228228,0.222222222222
0.0352941175008,0.0447353005246,0.84467341787,0.200124711303,52.4569628679,0.0447353005246,0.0447353005246,0.244783039646,17.2700897392,0.0600600600601,0.483308878104,0.329063069111,0.763763763764,0.703703703704
0.0169798013445,0.03784138172,0.399707317639,0.143197017048,22.8977274462,0.03784138172,0.03784138172,0.837540639886,29.2304054312,0.024024024024,0.744915814053,0.406563906375,0.161161161161,0.137137137137
0.00413857871731,0.0330780537471,0.372749129951,0.10941576397,0.56938926818,0.0330780537471,0.0330780537471,7.29119627675,21.2240160909,0.004004004004,0.874502805792,0.732667274803,0.013013013013,0.00900900900901
0.00174770035903,0.0158211965543,0.0674197128706,0.0250310260411,0.0299619245682,0.0158211965543,0.0158211965543,11.8238815637,3.04833997778,0.001001001001,0.943604363551,0.810807951063,0.002002002002,0.001001001001
0.0410452161633,0.0921977723498,0.0982374678483,0.850042922627,2.71551140703,0.0921977723498,0.0921977723498,0.491039027394,3.69264388942,0.0700700700701,0.485681832021,0.562765046642,0.565565565566,0.495495495495
0.00172194978028,0.0317285053084,0.398156359384,0.10066980491,0.0157847548423,0.0317285053084,0.0317285053084,26.5207068736,1.65237320058,0.001001001001,0.856429340216,0.80966105947,0.003003003003,0.002002002002
0.00190613699434,0.0142318485227,0.537274239326,0.0202545512372,0.0275817143422,0.0142318485227,0.0142318485227,3.6514273351,27.9364621979,0.001001001001,0.856026809878,0.734696649987,0.002002002002,0.001001001001
0.00405844809065,0.0903315073556,0.907737322531,0.815978122113,0.810525442187,0.0903315073556,0.0903315073556,3.79951741684,2.60012663977,0.00700700700701,0.322969691139,0.245108022716,0.169169169169,0.162162162162
0.0432352853315,0.0278663011583,0.289762792559,0.0776530740246,0.368651848395,0.0278663011583,0.0278663011583,0.449181441171,3.89267821568,0.048048048048,0.781940602072,0.751923796176,0.103103103103,0.0550550550551
0.00646912136002,0.0485047340847,0.0338831782175,0.235270922863,0.0242779767297,0.0485047340847,0.0485047340847,11.5968436074,0.676163837401,0.00700700700701,0.759432332577,0.635449430408,0.016016016016,0.00900900900901
0.012091018831,0.282560588765,0.000310070120807,7.98404863232,2.49156866731,0.282560588765,0.282560588765,1.14312211518,44.0126460302,0.0930930930931,0.468166626847,0.110846261449,0.111111111111,0.018018018018
0.0549957411601,0.0545150969924,0.280480981974,0.297189580009,17.8137897674,0.0545150969924,0.0545150969924,0.254984018731,46.9722939343,0.0760760760761,0.501216731355,0.647240712421,0.42042042042,0.344344344344
0.0204305479922,0.0921232796385,0.294986835327,0.848669865136,0.58614958303,0.0921232796385,0.0921232796385,0.419619989766,0.796746035338,0.041041041041,0.414588527407,0.411739038574,0.713713713714,0.672672672673
0.150866875518,0.0401597559067,0.216826736553,0.161280599449,0.491580598376,0.0401597559067,0.0401597559067,0.248866934465,0.959883098108,0.178178178178,0.747210577425,0.736975531909,0.429429429429,0.251251251251
0.0654994048326,0.0343257668201,0.23795999376,0.117825826779,6.09668325166,0.0343257668201,0.0343257668201,0.50391593385,31.4834194362,0.0750750750751,0.759397586092,0.707257562765,0.165165165165,0.0900900900901
0.00498335535395,0.0425780930676,0.949610988765,0.181289400927,0.0772581087333,0.0425780930676,0.0425780930676,3.82292819098,6.3846030579,0.005005005005,0.698879987065,0.425527548397,0.022022022022,0.017017017017
0.0249898804955,0.0280559234275,0.983753585727,0.0787134839369,0.864019598199,0.0280559234275,0.0280559234275,0.970019738374,13.4481993027,0.028028028028,0.847449941257,0.699979075149,0.0690690690691,0.041041041041
0.0200091872567,0.0908433264983,0.320131479719,0.825250996927,23.209961557,0.0908433264983,0.0908433264983,2.15321530777,42.4958134957,0.033033033033,0.578417732245,0.505510255854,0.274274274274,0.241241241241
0.0141553072289,0.0741181387619,0.470947479143,0.549349849353,0.289388174218,0.0741181387619,0.0741181387619,3.48026042993,2.05780651834,0.02002002002,0.610215917234,0.576470578909,0.106106106106,0.0860860860861
0.0391660395667,0.0227800125068,0.0220570504204,0.051892896981,8.84743695032,0.0227800125068,0.0227800125068,0.622335072062,92.3585673286,0.042042042042,0.845855965638,0.8179172281,0.0660660660661,0.024024024024
0.00292718741161,0.0876019263457,0.0238726195783,0.767409749947,0.191123700254,0.0876019263457,0.0876019263457,8.17322474047,0.459017362862,0.00500500500501,0.518836904791,0.371234601984,0.0790790790791,0.0740740740741
0.0663131814968,0.0145691806399,0.432241698007,0.0212261024519,1.40056724699,0.0145691806399,0.0145691806399,0.106780713699,16.093126547,0.0700700700701,0.735448260297,0.595711459643,0.121121121121,0.0510510510511
0.38380840543,0.0209764042516,0.54821099725,0.0440009535328,2.71930894183,0.0209764042516,0.0209764042516,0.0433433352774,1.87595839845,0.432432432432,0.783911387527,0.531889148204,0.933933933934,0.501501501502
0.00169482064543,0.0234271824314,0.4801388483,0.0548832876676,0.0183098788006,0.0234271824314,0.0234271824314,23.3200825658,4.40638254681,0.001001001001,0.864268838789,0.845193433367,0.002002002002,0.001001001001
0.174211950617,0.0405490018065,0.0663073146541,0.164422154751,1.87896203554,0.0405490018065,0.0405490018065,0.131442238747,3.14415558702,0.209209209209,0.701440712795,0.510861332889,0.521521521522,0.312312312312
0.0260218525973,0.0361631286834,0.409446077702,0.130777187617,0.469559227882,0.0361631286834,0.0361631286834,1.38443271367,4.6370875331,0.03003003003,0.808813481538,0.714238957566,0.0760760760761,0.046046046046
0.0228369324577,0.0506431357868,0.0247173586435,0.256472720232,12.9085138254,0.0506431357868,0.0506431357868,0.678689579194,4.90645341099,0.037037037037,0.538427582367,0.344190861008,0.35035035035,0.313313313313
0.00772544702429,0.049043564911,0.841076394484,0.240527125918,0.501679188319,0.049043564911,0.049043564911,3.08207121244,18.3979934306,0.00900900900901,0.72836547248,0.753922676128,0.041041041041,0.032032032032
0.0297187236493,0.0426995710058,0.0655458514372,0.182325336408,4.21106116191,0.0426995710058,0.0426995710058,1.5492439365,14.4536760374,0.036036036036,0.743374582589,0.602917229974,0.102102102102,0.0660660660661
0.0133441591097,0.057313724423,0.465192226544,0.328486300724,0.0995359582076,0.057313724423,0.057313724423,2.44466787267,1.549056101,0.017017017017,0.654876441774,0.675731522561,0.0710710710711,0.0540540540541
0.000882869301981,0.0700826094686,0.657402365155,0.491157214993,0.515517179987,0.0700826094686,0.0700826094686,3.79307156996,20.1143845626,0.001001001001,0.459647192267,0.481332662373,0.041041041041,0.04004004004
0.00233995966812,0.0301713585944,0.672090263061,0.0910310879434,0.0109931941867,0.0301713585944,0.0301713585944,7.3807313375,4.90802909064,0.002002002002,0.700633408694,0.745162369507,0.00500500500501,0.003003003003
0.00192770264805,0.0156687998099,0.88979457897,0.0245511287482,0.013061749479,0.0156687998099,0.0156687998099,3.84207511958,20.0638551418,0.001001001001,0.805006300119,0.655820944586,0.002002002002,0.001001001001
0.00260765274744,0.0940527978897,0.889462352817,0.884592879088,1.02506277975,0.0940527978897,0.0940527978897,10.5897282724,14.0081076556,0.004004004004,0.54385133507,0.476756766325,0.0580580580581,0.0540540540541
0.224384963082,0.032638566475,0.988678995182,0.106527602154,1.42223143681,0.032638566475,0.032638566475,0.112005832719,3.01764767028,0.26026026026,0.779891906107,0.652917992848,0.681681681682,0.421421421421
0.00186052374076,0.0137146855621,0.274776048436,0.0188092600068,0.176452195193,0.0137146855621,0.0137146855621,7.17559013982,90.5843187273,0.001001001001,0.953709808032,0.920248761208,0.002002002002,0.001001001001
0.06926066227,0.0623439414811,0.905316191252,0.38867670394,6.33041451063,0.0623439414811,0.0623439414811,0.513050607532,16.1510816606,0.0950950950951,0.668870740102,0.647220771789,0.478478478478,0.383383383383
0.00211089210234,0.0114407483083,0.105112099281,0.0130890721853,0.0346439148103,0.0114407483083,0.0114407483083,6.36530613921,5.14848387129,0.001001001001,0.676208650337,0.701128911474,0.002002002002,0.001001001001
0.0218465321281,0.033598213977,0.951704313111,0.112883998244,0.574646053267,0.033598213977,0.033598213977,1.36375219784,9.29800469373,0.025025025025,0.748404411714,0.730355078642,0.0670670670671,0.042042042042
0.00582820100947,0.046266912042,0.707369481843,0.21406271499,0.0416530066529,0.046266912042,0.046266912042,1.97799949952,1.86427294034,0.00700700700701,0.381934799395,0.595317566936,0.04004004004,0.033033033033
0.217199383627,0.0221016484839,0.553793037468,0.0488482865705,7.49050839682,0.0221016484839,0.0221016484839,0.0684163075844,20.3888787373,0.238238238238,0.761777489497,0.581671292282,0.483483483483,0.245245245245
0.0581352739573,0.0256901725764,0.497303381074,0.0659984967007,29.5404203803,0.0256901725764,0.0256901725764,0.278038417853,42.5639743784,0.0700700700701,0.850752717711,0.430158872627,0.226226226226,0.156156156156
0.00489048105723,0.0430265668512,0.527391299464,0.1851285455,0.0111096075518,0.0430265668512,0.0430265668512,12.3313255357,0.714580605967,0.00500500500501,0.696167732223,0.592809774219,0.012012012012,0.00700700700701
0.0146978910707,0.0363070648406,0.187414093111,0.131820295734,0.367031751436,0.0363070648406,0.0363070648406,1.07153344428,7.93551505555,0.017017017017,0.66416036181,0.778815886786,0.049049049049,0.032032032032
0.0051992456198,0.05830186482,0.884914314646,0.339910744149,2.42515879235,0.05830186482,0.05830186482,7.49245473432,91.1028921582,0.00600600600601,0.734830947659,0.710994889831,0.03003003003,0.024024024024
0.156959658153,0.0337350846954,0.797484396519,0.11380559394,0.291459957331,0.0337350846954,0.0337350846954,0.0917039396667,0.835064760914,0.187187187187,0.688105705158,0.669426583934,0.607607607608,0.42042042042
0.0974072645539,0.0481326773727,0.0485971568628,0.231675463106,55.6405685721,0.0481326773727,0.0481326773727,0.369763813151,22.2328942951,0.132132132132,0.772262631144,0.392061280831,0.562562562563,0.43043043043
0.00186111850809,0.0256145479471,0.945012359635,0.0656105066534,0.0314017089112,0.0256145479471,0.0256145479471,15.958910669,7.66414883266,0.001001001001,0.872956903102,0.786488893305,0.003003003003,0.002002002002
0.00461416659409,0.0489686517177,0.524959567397,0.239792885105,3.80274582569,0.0489686517177,0.0489686517177,0.703789289972,68.4020868585,0.00700700700701,0.52872789677,0.491527174043,0.0930930930931,0.0860860860861
0.0370045510195,0.0737799393977,0.430351866692,0.544347945753,0.336692140532,0.0737799393977,0.0737799393977,0.420829514565,0.724375199444,0.0590590590591,0.525602075301,0.442470609661,0.526526526527,0.467467467467
0.00290502992193,0.0610640772718,0.366106097395,0.372882153306,0.69462613637,0.0610640772718,0.0610640772718,10.2849424242,41.365650664,0.003003003003,0.700764235903,0.742274381842,0.017017017017,0.014014014014
